<?xml version="1.0" encoding="UTF-8"?>
<project-private xmlns="http://www.netbeans.org/ns/project-private/1">
    <editor-bookmarks xmlns="http://www.netbeans.org/ns/editor-bookmarks/2" lastBookmarkId="0"/>
    <open-files xmlns="http://www.netbeans.org/ns/projectui-open-files/2">
        <group>
            <file>file:/C:/Users/91827/Documents/NetBeansProjects/Module2/src/module2/Question7.java</file>
            <file>file:/C:/Users/91827/Documents/NetBeansProjects/Module2/src/module2/Question2.java</file>
            <file>file:/C:/Users/91827/Documents/NetBeansProjects/Module2/src/module2/Question6.java</file>
            <file>file:/C:/Users/91827/Documents/NetBeansProjects/Module2/src/module2/Question5.java</file>
            <file>file:/C:/Users/91827/Documents/NetBeansProjects/Module2/src/module2/Question3.java</file>
            <file>file:/C:/Users/91827/Documents/NetBeansProjects/Module2/src/module2/Question4.java</file>
        </group>
    </open-files>
</project-private>
